"Protein","A1_1","A1_2","A2_1","A2_2","A3_1","A3_2","B1_1","B1_2","B2_1","B2_2","B3_1","B3_2","nmiss"
1,331950,361220,422930,630540,372500,365430,354870,372210,365070,423640,330950,275670,0
2,4563000,4448000,2539500,3830500,3864900,3596900,4010500,3505300,5354600,4319900,3299900,2096800,0
3,814690,898580,1085600,1056700,788260,728690,724620,579320,976460,931880,596570,690040,0
4,102070000,115290000,114100000,125680000,1.08e+08,94464000,211910000,183910000,179140000,179580000,259720000,204390000,0
5,404190,378130,821670,658280,366020,366990,246350,237430,359720,205960,318120,322570,0
6,NA,NA,NA,NA,NA,NA,NA,NA,7767.7,NA,NA,NA,11
7,NA,NA,NA,NA,66357,NA,NA,NA,NA,NA,NA,NA,11
8,723410,701900,1220900,961290,658890,595970,355590,288030,446020,429330,411750,455020,0
9,NA,NA,NA,120090,NA,NA,NA,NA,NA,NA,131920,NA,10
10,NA,NA,NA,NA,NA,NA,NA,NA,NA,NA,NA,589740,11
11,NA,NA,179470,341490,203390,NA,NA,NA,253200,NA,NA,NA,8
12,10342000,13352000,8734100,10330000,10085000,11884000,12292000,10634000,13742000,14137000,17125000,20980000,0
13,NA,NA,NA,NA,NA,NA,NA,NA,NA,103830,NA,NA,11
14,619840,574810,297560,227800,522330,446240,842200,910800,832360,902080,509980,494630,0
15,838490,875350,547910,1183800,337600,433320,NA,NA,720210,772700,537470,693810,2
16,91779,149580,NA,NA,60420,63923,NA,NA,NA,NA,NA,NA,8
17,NA,NA,NA,NA,NA,NA,NA,NA,41847,NA,NA,NA,11
18,NA,NA,NA,NA,NA,NA,145330,151500,173170,187730,148420,205050,6
19,793580,521440,274310,401360,523090,496280,422300,444980,402900,431600,674930,797950,0
20,2532300,2218700,4127400,3103300,2275700,2372000,2006600,1879900,2328300,2574100,2844500,3066500,0
21,29375000,28994000,21621000,21635000,33340000,35405000,59880000,58364000,48186000,52334000,41683000,39326000,0
22,2374800,1996800,474690,645550,1496800,1551900,2347800,1909000,2155900,2144900,2194600,1889100,0
23,6400500,6482400,4095200,4362100,7703000,7174200,15807000,14634000,12369000,11952000,11214000,9602200,0
24,841560,732660,289940,323160,796770,839480,934740,789910,769440,761390,767270,583060,0
25,556490,542620,466070,726840,937500,678710,329110,335320,433850,360770,406060,381070,0
26,NA,131540,126430,146490,118010,119610,NA,NA,NA,NA,NA,NA,7
27,235210,NA,546150,378270,NA,NA,NA,NA,NA,202180,188450,NA,7
28,39939000,39104000,23346000,24464000,43634000,46765000,73469000,67276000,57196000,57953000,45639000,48808000,0
29,NA,NA,NA,NA,NA,NA,NA,88647,NA,NA,NA,NA,11
30,1571500,1558600,313360,499690,1337500,1146500,1501000,1847000,1794200,1862900,1259100,1458400,0
31,NA,NA,NA,NA,NA,NA,NA,NA,NA,NA,17084,NA,11
32,2932500,2807200,5017600,3772000,2389100,2629100,10331000,17630000,14100000,17813000,19985000,24517000,0
33,NA,NA,NA,NA,NA,NA,NA,NA,NA,NA,NA,100120,11
34,NA,NA,NA,NA,NA,NA,NA,NA,91775,NA,NA,NA,11
35,7063400,6915900,7098800,7677200,7035900,6867000,4952000,4938700,6156000,6192000,6835400,7147900,0
36,NA,NA,NA,NA,NA,NA,NA,NA,NA,NA,NA,818100,11
37,101730,97568,100650,138010,121400,122740,91351,NA,NA,96362,101740,85562,2
38,105110,105080,NA,149950,111360,NA,NA,NA,NA,NA,NA,NA,8
39,3494000,3392500,6282000,6595400,4390800,3834800,2545900,2870700,4198200,4145400,3801000,3765800,0
40,1492000,1932300,1018700,1136500,988130,791310,2334400,2197600,2397300,2399900,1712700,1732400,0
41,NA,NA,NA,NA,NA,68760,NA,NA,NA,NA,NA,NA,11
42,NA,NA,NA,NA,NA,NA,NA,NA,NA,NA,NA,247490,11
43,128460,56082,69538,90279,114390,92255,134860,99179,168370,117360,43752,51091,0
44,NA,NA,229520,240920,NA,NA,NA,NA,NA,NA,NA,NA,10
45,524740,584470,441870,453290,498460,529410,416570,417110,550880,511130,619580,747140,0
46,NA,NA,118600,159820,NA,NA,NA,NA,NA,NA,NA,NA,10
47,NA,NA,NA,NA,NA,NA,NA,NA,NA,NA,308100,NA,11
48,NA,NA,131930,NA,NA,NA,NA,NA,NA,NA,NA,NA,11
49,1677800,1529000,1041500,893090,2281400,2025400,1020500,861820,1307900,1203500,910880,741960,0
50,224620,226070,111420,108030,176130,133370,212490,224770,119800,151430,154250,173300,0
51,440780,609360,203130,182940,173470,188550,190180,NA,148300,154750,NA,144450,2
52,17663000,18485000,10790000,11732000,16681000,18935000,15016000,14740000,17368000,17202000,13318000,10908000,0
53,149250,173460,85471,121650,86232,92376,162810,188340,90056,114690,124700,NA,1
54,NA,NA,NA,NA,NA,NA,NA,NA,NA,NA,NA,159510,11
55,63440,61651,NA,NA,77068,70358,NA,NA,NA,NA,NA,NA,8
56,NA,40681,NA,NA,NA,56475,NA,NA,NA,54840,NA,NA,9
57,149080,218120,307970,295510,200720,233550,209970,225310,214210,190850,NA,189800,1
58,198450,227330,628780,701490,188020,216890,236930,168680,216790,197940,240970,163970,0
59,NA,NA,NA,NA,NA,NA,NA,NA,NA,NA,NA,138680,11
60,1247600,1032200,2133100,2372500,1467300,1514800,1143000,1122600,1209300,1386800,988900,988090,0
61,91611,115640,132020,107290,104890,166950,677650,625340,972930,940380,1616600,1617800,0
62,NA,NA,NA,NA,NA,NA,285460,280520,389890,356600,526840,544390,6
63,2042900,2421000,2294800,2038500,4760100,4958600,1769400,1596700,3647600,3946500,1970600,2134000,0
64,1837100,1703900,1509400,2022400,1337400,1623600,1575900,1796100,1727700,2047200,2062600,2328000,0
65,NA,NA,NA,NA,NA,NA,NA,NA,NA,NA,174220,NA,11
66,160180,161280,168800,110320,NA,116050,239190,246350,203460,227900,260070,226370,1
67,NA,NA,NA,NA,NA,NA,NA,NA,NA,NA,NA,29257,11
68,NA,NA,NA,NA,406030,572440,NA,NA,NA,NA,NA,NA,10
69,334030,355830,369530,713990,384040,427280,435200,417660,400890,384260,334630,591010,0
70,NA,93278,NA,NA,NA,82678,NA,NA,NA,NA,NA,NA,10
71,NA,NA,171920,NA,NA,NA,NA,NA,NA,NA,NA,NA,11
72,313850,326960,547500,502130,411240,358030,359050,327040,230210,231320,374090,312350,0
73,218700,210230,158390,138690,153660,181630,NA,NA,NA,NA,NA,NA,6
74,1846300,2157200,2079600,1765100,1346100,1496900,1471300,1573000,1755000,1646800,1685600,1503400,0
75,441810,211280,226180,141140,492150,401210,236380,246320,298170,454010,165200,169860,0
76,358420,301820,510170,457710,317000,427160,523510,507770,NA,404470,699900,777420,1
77,NA,NA,NA,NA,NA,NA,NA,NA,NA,NA,NA,153540,11
78,441350,491860,594510,1138400,552070,527150,607510,616080,481690,436030,444820,397730,0
79,NA,NA,NA,NA,NA,NA,435140,583980,442510,523470,725400,768980,6
80,NA,NA,41501,NA,NA,NA,NA,NA,NA,NA,NA,NA,11
81,NA,NA,130660,132440,NA,102640,NA,NA,NA,NA,NA,NA,9
82,139910,167940,134410,184560,247830,262900,154560,170650,284740,411150,NA,208180,1
83,512890,685950,593970,335380,521980,599180,391790,442610,192490,252240,372450,277980,0
84,NA,87079,103040,75493,63730,NA,72279,71433,NA,NA,NA,NA,6
85,227340,234990,148660,176530,182900,166540,293130,NA,NA,278890,NA,318590,3
86,NA,NA,NA,NA,NA,NA,NA,NA,NA,NA,NA,40578,11
87,NA,NA,NA,NA,NA,NA,NA,NA,NA,NA,NA,77542,11
88,809990,746170,329890,294740,470840,412420,497940,372640,332910,327410,412250,403850,0
89,112250,132970,78447,93782,351340,321630,82924,NA,221730,279660,151920,NA,2
90,46225,70328,131990,73424,NA,NA,NA,NA,63173,NA,NA,NA,7
91,1214900,1265300,2409700,2392500,1344300,1546900,1742200,1844300,1324300,1429200,1595400,1851700,0
92,NA,NA,NA,NA,NA,NA,NA,NA,NA,NA,NA,53586,11
93,NA,NA,NA,NA,NA,NA,NA,NA,NA,204940,NA,NA,11
94,2510800,2119800,3600800,3333800,2172600,2301300,2663000,2166800,1872500,1791400,1841600,2170800,0
95,192400,172190,628060,425530,221600,167230,140500,252400,174670,160300,131480,NA,1
96,NA,NA,NA,NA,NA,NA,336550,241040,178370,NA,NA,186240,8
97,65578,NA,NA,96891,76004,NA,NA,NA,NA,NA,NA,NA,9
98,NA,NA,NA,NA,NA,NA,NA,NA,NA,NA,NA,63459,11
99,640280,635050,269070,274260,468420,368750,416100,369890,230680,171700,292760,310170,0
100,NA,NA,NA,NA,NA,NA,NA,NA,NA,NA,NA,16120,11
101,NA,NA,NA,NA,NA,94308,NA,NA,NA,NA,NA,NA,11
102,185570,211580,241910,436250,233480,217620,NA,NA,NA,192770,NA,NA,5
103,384280,372830,352160,605500,355630,321570,457260,522150,447920,312350,NA,396160,1
104,NA,NA,NA,NA,NA,NA,NA,474290,560030,NA,NA,NA,10
105,27428000,34741000,21490000,29682000,29056000,29589000,22720000,25243000,26549000,27935000,27167000,25747000,0
106,485580,384920,568080,538720,434870,564890,475350,520080,NA,NA,436570,NA,3
107,688360,710400,470940,708080,1037900,770470,1037800,955540,1000400,1170300,828250,693910,0
108,NA,NA,NA,NA,NA,NA,NA,NA,NA,NA,NA,38433,11
109,79717,131130,56966,70734,71947,70985,63411,66753,NA,68875,NA,NA,3
110,1905500,1736000,1007600,980900,1142500,1177800,1282700,1471100,1378600,1164900,1214200,1155200,0
111,6517600,5870000,1615700,1783600,2069700,1938700,660390,667770,1896700,1779100,616880,447700,0
112,182130,267190,340250,329970,144850,197840,256900,252310,305680,336600,322960,343530,0
113,118120,118740,201620,162230,143230,122970,146960,NA,NA,NA,NA,NA,5
114,327600,278650,217210,320410,397750,411500,1219200,1306800,1817400,1535700,2378900,2883600,0
115,1201700,1693900,638840,1112700,1582400,1389900,3158100,2479100,5980000,7429800,6776000,5704100,0
116,NA,68209,NA,NA,134920,151570,NA,NA,89894,114210,NA,NA,7
117,295570,296080,192220,125690,194850,228830,178280,203590,148550,NA,134810,NA,2
118,58681,70206,76607,63660,545870,528510,NA,NA,674440,574270,NA,NA,4
119,2824400,2721600,3724200,3856700,3263200,3277700,3429000,3158600,2556800,2664000,2695800,2881600,0
120,NA,NA,NA,NA,63897,102470,46675,NA,55230,NA,NA,NA,8
121,NA,NA,464950,455330,NA,416450,NA,NA,NA,NA,NA,NA,9
122,65111,94868,165750,112320,NA,78240,102160,103410,79413,67715,112400,89177,1
123,120180,NA,109200,NA,NA,NA,105940,112560,117980,126240,NA,NA,6
124,372290,397180,266240,249000,263740,278240,221060,242030,240300,240740,224070,258130,0
125,NA,NA,NA,NA,NA,57709,NA,NA,NA,NA,NA,NA,11
126,NA,NA,NA,NA,NA,NA,NA,NA,NA,NA,NA,60940,11
127,NA,NA,NA,NA,NA,NA,NA,NA,166060,158560,179150,175220,8
128,695210,541020,313770,428940,354820,373770,377130,405490,383240,328650,328210,292840,0
129,909600,963440,1312700,1706000,1094100,1100200,1135600,1582000,1070600,836670,948900,1241400,0
130,115530,NA,88614,NA,106210,NA,394110,779670,514230,1121400,835150,1977300,3
131,110650,125290,82609,71797,86054,69478,88393,NA,NA,NA,NA,NA,5
132,108590,138690,117170,107260,290510,312940,133970,109840,199330,160780,NA,87804,1
133,66968,NA,NA,115760,NA,83029,NA,NA,NA,NA,NA,NA,9
134,1158200,1386200,921510,785490,1176200,1142500,969720,818180,932110,1045200,608430,861980,0
135,536080,460990,NA,NA,401370,489680,322570,179420,219590,341440,188320,NA,3
136,612590,332380,178980,223600,241110,241970,NA,232570,NA,211370,NA,NA,4
137,NA,NA,436690,251380,NA,NA,NA,NA,NA,NA,NA,NA,10
138,944030,1299100,697170,878600,1069900,1245300,1416400,1578100,1107600,1326200,1143500,1503500,0
139,1119000,1199400,517390,502050,777020,848320,643250,836500,358990,437070,438140,609280,0
140,NA,NA,NA,NA,164280,204390,NA,NA,NA,NA,NA,NA,10
141,NA,NA,NA,NA,NA,39749,NA,NA,NA,NA,NA,NA,11
142,NA,NA,NA,NA,NA,NA,NA,NA,NA,NA,NA,78819,11
143,NA,NA,73591,52786,NA,NA,NA,NA,NA,NA,NA,NA,10
144,906280,821850,340400,469990,715980,707730,629740,654020,248970,265640,331210,322550,0
145,129000,112640,213190,188250,120830,106050,104910,100470,105030,NA,103210,NA,2
146,NA,121120,NA,83097,NA,NA,NA,81434,NA,NA,NA,NA,9
147,510430,397860,244780,251790,311940,276920,240120,269740,238450,227750,205540,229150,0
148,95014,NA,NA,NA,114450,NA,NA,NA,NA,NA,NA,NA,10
149,NA,NA,NA,NA,NA,NA,NA,16365,NA,NA,NA,NA,11
150,717320,591330,977480,857630,705780,721310,676770,692910,582470,558570,470170,491590,0
151,97134,90180,280980,108650,116400,99489,NA,NA,NA,NA,NA,NA,6
152,5367500,5375700,8404700,8297900,6610700,5977100,6646900,6854900,5365600,5655800,4571300,4387200,0
153,NA,NA,NA,NA,NA,NA,NA,NA,NA,217030,NA,NA,11
154,479480,571570,740360,432810,902300,734100,446380,380530,846220,831240,414680,613310,0
155,NA,NA,NA,48302,179250,185510,NA,NA,NA,NA,NA,NA,9
156,211230,139790,262170,214590,153510,159130,183700,159430,420420,457160,537140,620450,0
157,767290,743810,250180,406220,582700,711980,291990,555750,329210,271200,NA,NA,2
158,1983700,2075300,1366600,1259500,1991300,2300300,1834100,1854300,1304900,1340200,1435800,1572900,0
159,NA,NA,NA,NA,NA,NA,716950,979620,584200,505250,1067300,1236700,6
160,82555,77875,56802,72657,62915,NA,NA,69496,98358,111720,79442,NA,3
161,250220,345430,463820,337550,355500,432760,912000,1072200,1361400,1415600,2796800,2639100,0
162,NA,NA,NA,NA,NA,NA,NA,58722,NA,NA,NA,NA,11
163,170390,181510,134090,NA,182690,196090,147130,NA,NA,NA,NA,NA,6
164,156140,158290,495700,272580,193690,199110,149280,260010,NA,NA,209050,255750,2
165,240190,277720,131240,214310,176770,190530,200930,148390,228680,177950,NA,215710,1
166,NA,NA,NA,NA,NA,NA,NA,NA,NA,NA,NA,823510,11
167,NA,NA,NA,NA,NA,28719,NA,NA,NA,NA,NA,NA,11
168,712050,722200,1105900,846490,893130,880100,854300,1027400,1165700,1496300,1459000,1408300,0
169,NA,NA,NA,NA,NA,NA,NA,NA,NA,NA,76415,NA,11
170,134010,170830,NA,NA,101380,111870,NA,NA,NA,NA,NA,NA,8
171,161810,145680,235750,210330,154590,149630,175330,170700,134070,144030,270710,327840,0
172,93621,117640,80114,95672,238240,196700,146070,NA,66848,62063,NA,78268,2
173,NA,NA,NA,NA,NA,NA,NA,NA,NA,NA,NA,59816,11
174,NA,NA,NA,NA,NA,NA,NA,NA,87281,51515,NA,NA,10
175,NA,121240,193750,159150,120820,171460,126760,140220,NA,129100,255760,212920,2
176,NA,NA,NA,NA,NA,NA,NA,NA,NA,389430,NA,NA,11
177,113780,118050,326000,178000,106650,118620,78439,90230,128590,98724,117350,118170,0
178,1231400,1186400,1788300,1699700,1093200,1314700,871700,1190500,863110,793990,839010,977330,0
179,NA,NA,NA,NA,NA,NA,NA,NA,NA,NA,NA,65116,11
180,100530,106070,83383,88947,81449,94117,144040,125940,186970,192910,162430,111800,0
181,NA,NA,NA,NA,NA,NA,NA,NA,NA,NA,874060,1019800,10
182,54944,NA,NA,38192,44075,37844,38233,NA,NA,NA,NA,NA,7
183,831050,640760,661240,630380,617900,593800,613970,591110,650130,606320,563390,677370,0
184,NA,NA,NA,NA,NA,NA,NA,NA,46183,NA,NA,NA,11
185,NA,265130,227320,226190,NA,NA,NA,219850,NA,NA,NA,NA,8
186,NA,NA,NA,NA,NA,NA,NA,NA,NA,NA,NA,1948900,11
187,118420,97335,60264,74433,69965,77824,NA,71221,NA,NA,NA,NA,5
188,NA,NA,NA,NA,NA,90319,NA,NA,NA,NA,NA,NA,11
189,NA,78632,68126,NA,99309,83456,NA,NA,118550,114010,NA,NA,6
190,NA,113220,226290,159160,111190,NA,124350,147350,NA,131880,NA,179420,4
191,3805300,4176500,1442000,2523900,3775500,4120500,3041400,2873100,1926500,1864100,1720500,1604800,0
192,143370,163420,93610,96069,182620,252640,1069400,813090,1204200,1275300,1475100,1753500,0
193,NA,NA,NA,NA,NA,NA,NA,NA,84235,NA,NA,NA,11
194,NA,137860,150620,138070,1033600,1072000,NA,NA,895110,553290,NA,NA,5
195,147930,149470,359570,506740,375560,316370,236780,171450,171680,195120,NA,97445,1
196,305980,242550,269910,364980,293440,263270,279840,323500,226730,243460,337840,397490,0
197,245000,213960,152220,159790,233880,255790,170010,179700,296470,301210,197840,229530,0
198,3019300,2890100,6728300,4713500,3627000,3413200,2890300,3078200,2993100,3216400,2782500,3029200,0
199,97187,NA,NA,NA,124850,NA,125520,NA,147740,137340,149040,142370,5
200,NA,NA,NA,NA,NA,NA,NA,21323,NA,NA,NA,NA,11
201,3006900,3679600,1344300,1211300,2072600,1814700,762900,854110,1161800,1227400,666150,779340,0
202,320910,275990,101980,NA,226840,202280,178010,NA,234320,195530,146010,NA,3
203,148120,196330,140720,162830,155950,166690,NA,NA,182710,191650,NA,NA,4
204,158870,248040,218080,328440,903880,1070100,140500,NA,378400,NA,267170,NA,3
205,1663600,1775600,668620,750800,1290800,1312300,1025900,1038500,563310,503920,530050,437340,0
206,87877,98453,NA,102880,79026,NA,92683,121780,NA,101060,NA,NA,5
207,NA,NA,NA,36624,NA,NA,NA,NA,NA,NA,NA,NA,11
208,NA,NA,184900,250770,NA,NA,177470,169510,170130,154730,NA,NA,6
209,NA,NA,NA,54496,NA,NA,NA,NA,NA,NA,NA,NA,11
210,NA,NA,NA,NA,NA,NA,NA,NA,NA,NA,NA,21902,11
211,61087,53709,61223,97310,NA,NA,71092,NA,NA,NA,NA,NA,7
212,NA,NA,NA,NA,NA,150340,NA,NA,NA,NA,NA,NA,11
213,NA,NA,NA,NA,NA,NA,NA,NA,NA,NA,NA,25603,11
214,NA,NA,27674,42708,NA,NA,NA,NA,NA,NA,NA,NA,10
215,NA,NA,87869,92433,74281,72532,NA,NA,86886,NA,NA,78949,6
216,390280,415590,310960,245210,342850,380830,579210,711480,201620,244930,265240,229920,0
217,NA,NA,NA,NA,NA,NA,NA,NA,NA,NA,NA,60339,11
218,792530,619410,1132100,1161400,606900,631300,1058200,1082300,1752600,1771600,1550800,1227900,0
219,1219400,1232000,711080,596820,818860,939730,750760,1102500,481010,790220,689360,959580,0
220,686460,738980,1306800,1287100,930820,775900,696700,638440,652230,641550,691410,820950,0
221,NA,NA,128020,77012,72628,59603,61588,NA,NA,NA,NA,NA,7
222,220200,237990,550020,502920,221340,210160,198820,224080,239210,184850,276500,230350,0
223,3823400,3545600,1799500,1666100,2529100,2114600,3203400,3346400,1997300,2013500,2453700,2874400,0
224,NA,NA,NA,NA,NA,NA,NA,NA,122140,NA,NA,NA,11
225,60626000,54703000,73453000,74477000,62396000,64562000,51191000,50561000,39853000,38778000,69256000,71633000,0
226,571620,465950,223640,239670,354630,340700,316960,346420,224970,206870,229140,205170,0
227,528620,503960,393140,278680,1240400,1747200,375880,274130,871550,1029700,290270,286390,0
228,190910,219330,598100,663920,280610,382340,260340,229530,221140,215950,219250,178040,0
229,538110,633620,661720,539510,602030,524190,1630700,1645000,2530500,2544200,4132000,4865200,0
230,60066000,53000000,32008000,32771000,45665000,45736000,44620000,38209000,15464000,14308000,19724000,15459000,0
231,305080,363870,223050,290270,254040,250820,346770,303880,435160,413040,254850,237310,0
232,166010,254060,168990,194840,140440,164920,288610,309390,242970,259010,263300,NA,1
233,NA,NA,70168,80377,102250,NA,NA,NA,351630,225250,NA,NA,7
234,939840,778500,1443100,1221300,951650,1058400,830340,784990,668660,794030,727620,872320,0
235,287910,305950,NA,NA,NA,NA,NA,NA,NA,NA,NA,NA,10
236,NA,131530,NA,NA,NA,NA,NA,74266,NA,NA,NA,NA,10
237,1094300,1185400,295020,485500,432060,547430,402600,370060,560680,602720,707470,285390,0
238,229230,216340,179190,128650,263280,235760,155620,169500,NA,273700,NA,129330,2
239,NA,NA,NA,NA,NA,NA,NA,NA,NA,NA,249150,NA,11
240,NA,NA,NA,NA,NA,NA,NA,NA,44333,NA,NA,NA,11
241,NA,NA,NA,NA,NA,NA,NA,NA,NA,NA,NA,218440,11
242,320110,462900,424380,244880,528070,384360,238830,265890,287580,314520,331410,309340,0
243,NA,NA,NA,NA,NA,NA,NA,NA,NA,NA,14780,NA,11
244,NA,NA,NA,NA,NA,NA,NA,NA,NA,NA,127560,NA,11
245,NA,100980,NA,198090,135100,NA,NA,136120,NA,NA,165000,NA,7
246,NA,NA,NA,NA,NA,NA,NA,NA,NA,NA,NA,68444,11
247,2337200,2157400,1216000,1253000,2031900,2044600,1634000,1497200,1493200,1568700,1265600,1067600,0
248,NA,NA,197450,NA,132080,NA,338240,338230,427680,503020,733210,928910,4
249,NA,NA,NA,NA,105320,83281,NA,NA,NA,NA,NA,NA,10
250,NA,NA,43401,59183,NA,NA,NA,42081,NA,NA,NA,NA,9
251,NA,NA,NA,124420,NA,NA,NA,NA,NA,NA,NA,NA,11
252,NA,NA,NA,NA,NA,NA,NA,NA,NA,NA,NA,130180,11
253,NA,NA,NA,NA,NA,27941,NA,NA,NA,NA,NA,NA,11
254,533810,521930,264780,247410,468910,420960,511510,374310,270780,367670,394460,404820,0
255,256300,247500,265810,249130,296130,240100,NA,NA,NA,NA,266250,NA,5
256,80113,131500,255960,177840,133710,103180,115010,147080,121450,169360,175880,161430,0
257,509440,502980,744740,739910,641880,714100,762100,830870,584580,719780,932030,991670,0
258,NA,NA,111320,93827,NA,NA,98848,NA,NA,NA,NA,NA,9
259,1052900,1099800,405740,510500,931050,835450,992820,698920,632600,688950,664580,938550,0
260,116170,124340,114000,91866,98286,98839,NA,NA,NA,NA,102280,NA,5
261,209430,214590,94474,148040,146800,102520,NA,NA,NA,NA,NA,NA,6
262,397790,354890,882780,662160,555720,472870,407230,484360,338830,343720,519270,539340,0
263,1445200,1376500,1460000,1788500,1313800,1417200,1294800,1417600,1065700,946460,1365000,1554600,0
264,844790,866740,745170,582670,1193300,1270100,744780,826640,1091000,1295800,643050,790230,0
265,NA,NA,NA,NA,NA,NA,64355,NA,NA,NA,NA,NA,11
266,NA,NA,NA,NA,NA,NA,NA,NA,NA,NA,57296,NA,11
267,571600,505480,774450,592010,452930,401700,412420,446360,768300,823900,748260,838610,0
268,1181300,1007900,1803400,1740000,1166800,1106900,1162000,1086300,1004700,921880,928030,723090,0
269,125520,128360,84977,NA,NA,NA,NA,NA,NA,NA,NA,NA,9
270,229110,347720,199340,NA,151580,150510,155430,225120,NA,NA,NA,NA,5
271,NA,NA,39931,NA,NA,NA,NA,NA,NA,NA,NA,NA,11
272,178040,206680,131290,87431,120980,136270,143850,145000,NA,94358,123140,NA,2
273,82111,85129,102040,76094,57872,57608,115420,107140,131890,93622,77547,NA,1
274,3274200,3410000,5486800,6503100,3932800,4561600,4135100,4217900,3588700,3804300,3557100,3433100,0
275,NA,NA,NA,NA,NA,NA,NA,NA,NA,67185,NA,NA,11
276,NA,NA,NA,NA,NA,NA,NA,NA,NA,63353,NA,NA,11
277,473570,588020,1137100,1244800,573900,592350,734680,537750,828910,711840,881500,630020,0
278,154900,217910,325470,297050,248030,211560,177640,NA,NA,162200,177450,158770,2
279,1098400,1331700,1623400,1530600,1068000,936780,920280,1120700,1445600,1497500,1380200,1338400,0
280,287550,272010,428350,456730,310040,330070,306040,355040,208380,301800,331810,311040,0
281,2774300,3017800,3784600,4019600,2885000,3240200,2575700,2837600,2268000,2487500,2314800,2274400,0
282,154900,280830,324440,251930,248100,187990,258320,156760,164830,153320,171150,143580,0
283,NA,NA,NA,NA,NA,NA,NA,NA,NA,NA,NA,17134,11
284,147160,122040,73980,110470,121930,NA,NA,170720,123860,125300,111160,87850,2
285,54764,56583,38832,46380,NA,41936,55406,NA,NA,NA,NA,NA,6
286,362250,326630,470080,456840,451340,408420,403690,345380,475260,453260,695040,647160,0
287,NA,NA,96316,67805,NA,NA,NA,NA,NA,NA,NA,NA,10
288,5359000,5596100,8525400,7738200,6056400,5811700,6176500,6746800,5321100,5398100,7523900,8333200,0
289,648980,563850,925130,672560,980870,747760,386600,454570,548560,419110,769360,662610,0
290,662230,659290,566930,1045500,738180,719220,535250,585950,696400,857660,591060,789380,0
291,NA,NA,NA,NA,NA,NA,NA,NA,92680,NA,NA,NA,11
292,810740,817860,650230,546040,585590,564710,514560,483400,661820,793090,371590,471730,0
293,NA,NA,NA,NA,NA,NA,NA,NA,NA,NA,NA,69337,11
294,NA,NA,NA,NA,NA,NA,NA,NA,NA,NA,51781,NA,11
295,680910,614260,514520,453190,705530,610360,566800,547340,675560,545020,416010,542550,0
296,NA,NA,374950,NA,686280,806880,NA,NA,466720,481170,NA,NA,7
297,NA,NA,NA,NA,NA,NA,NA,NA,NA,NA,NA,NA,12
298,386930,402000,261170,232000,321520,270450,294030,313640,225390,199790,233230,253060,0
299,NA,NA,NA,NA,NA,NA,NA,NA,NA,NA,NA,583110,11
300,NA,NA,NA,NA,NA,NA,283660,NA,NA,NA,NA,NA,11
301,4567300,4076500,10180000,8958600,5481500,5909100,6416000,7028300,4647100,5753600,5146700,6114000,0
302,118970,94336,NA,58795,95599,109580,66713,57868,68082,55465,NA,NA,3
303,249170,241810,175310,139570,158540,159080,198650,200020,146450,NA,158700,113570,1
304,NA,NA,NA,NA,NA,54582,NA,NA,NA,NA,NA,NA,11
305,NA,NA,NA,227890,NA,NA,156680,165480,343630,408510,642700,490020,5
306,598330,679840,601410,371620,640970,852760,446270,490790,653020,551880,518960,593220,0
307,NA,NA,NA,NA,NA,NA,127930,NA,NA,NA,NA,NA,11
308,1766300,1519400,3093600,3621200,1764800,1987500,1609100,1673100,1536900,1573800,2600500,2669800,0
309,NA,NA,NA,NA,NA,NA,NA,NA,NA,NA,31715,NA,11
310,2874800,2834300,4532900,4501200,3653100,3447900,4390800,3870000,3166300,3207600,5073600,4803200,0
311,93886,110890,101600,NA,NA,121950,NA,NA,NA,150680,NA,NA,7
312,NA,NA,NA,NA,NA,NA,NA,NA,NA,NA,NA,NA,12
313,232280,NA,NA,NA,197660,130150,NA,NA,NA,NA,NA,NA,9
314,NA,NA,NA,NA,NA,NA,NA,NA,NA,NA,NA,281290,11
315,NA,314970,363070,493840,508230,478230,NA,273790,NA,250500,363020,342330,3
316,180130,161380,220850,229160,139260,147250,209010,239250,231870,257460,166760,154600,0
317,315050,349410,564030,757800,401170,397840,398430,388280,762590,529140,711710,534180,0
318,NA,NA,NA,NA,NA,NA,NA,NA,NA,NA,NA,63569,11
319,NA,NA,NA,NA,NA,NA,NA,NA,NA,NA,NA,467690,11
320,NA,NA,NA,NA,NA,NA,NA,NA,NA,76903,NA,NA,11
321,209580,241190,319380,154360,264950,237890,247410,225880,195010,200030,NA,NA,2
322,NA,NA,NA,NA,NA,NA,NA,NA,NA,NA,NA,42236,11
323,973100,950340,867110,829410,972500,1015300,768110,763170,1230900,1346600,1083000,1453700,0
324,NA,149390,NA,NA,NA,182360,NA,NA,191000,NA,NA,210220,8
325,613460,729960,330650,278280,362860,345560,415860,380440,308590,254600,350800,314090,0
326,129130,104830,143920,122190,700590,727580,NA,NA,700050,689540,NA,NA,4
327,NA,NA,NA,NA,59537,47323,NA,NA,NA,NA,NA,NA,10
328,NA,NA,NA,NA,NA,NA,NA,NA,NA,NA,2668600,NA,11
329,127780,165370,69364,88010,119000,89055,86115,98179,NA,71984,NA,66111,2
330,957390,935130,690690,522270,672790,756010,687450,745360,596130,683960,879800,794720,0
331,79937,150580,36698,35814,NA,63627,NA,NA,NA,NA,NA,NA,7
332,NA,NA,NA,31101,NA,NA,NA,NA,NA,NA,NA,NA,11
333,NA,NA,NA,NA,NA,16594,NA,NA,NA,NA,NA,NA,11
334,170600,206600,89170,106640,129640,126960,154190,132560,99825,104370,117950,102040,0
335,637080,759520,1184600,1047900,768340,731920,820990,796780,583140,543140,696980,704330,0
336,NA,NA,NA,NA,NA,NA,NA,NA,NA,NA,NA,335730,11
337,NA,250610,459760,369940,608860,647320,NA,NA,544420,439260,NA,NA,5
338,NA,NA,NA,NA,NA,NA,NA,NA,NA,NA,NA,89695,11
339,NA,NA,NA,NA,NA,NA,NA,NA,38337,NA,NA,NA,11
340,NA,NA,NA,NA,NA,NA,NA,NA,116560,NA,NA,NA,11
341,307340,NA,NA,182240,195620,NA,NA,330570,NA,NA,NA,NA,8
342,169390,208220,118340,173490,177660,233420,140170,192440,210350,250050,NA,114380,1
343,112900,NA,NA,119220,97262,87867,118800,NA,NA,144770,116430,NA,5
344,NA,42702,NA,NA,NA,NA,NA,NA,NA,NA,NA,NA,11
345,670270,640160,1172900,1060600,682740,731670,905130,891840,734090,681960,674660,672190,0
346,292110,300010,261840,301900,239610,NA,NA,NA,NA,NA,NA,NA,7
347,1823400,1869000,1416100,1375200,1124600,1174600,1254600,1239100,1487900,1734300,1064900,1194400,0
348,866400,838830,570240,505800,573570,516360,515260,578820,685020,721780,444510,451270,0
349,NA,NA,120730,NA,178980,178260,NA,NA,NA,NA,NA,NA,9
350,NA,NA,NA,NA,NA,NA,NA,NA,NA,NA,NA,454900,11
351,650630,783470,344400,369770,556990,661590,535520,484790,439710,334040,410940,NA,1
352,257530,197140,117700,159500,378630,364180,143960,171540,318630,287790,182800,227550,0
353,NA,NA,NA,NA,NA,NA,NA,NA,NA,NA,NA,102310,11
354,NA,NA,89710,76002,63913,NA,NA,NA,NA,NA,NA,NA,9
355,NA,NA,NA,41874,NA,70490,NA,NA,56763,NA,NA,NA,9
356,NA,NA,NA,NA,NA,NA,NA,NA,NA,NA,NA,28492,11
357,82325,NA,185930,146010,106400,67746,NA,NA,NA,NA,73538,NA,6
358,3142600,2987200,5382900,5033800,3216100,3401000,3754000,3523300,2680900,2879300,5674400,5810400,0
359,114750,NA,86978,NA,NA,80951,106970,101410,NA,109840,NA,NA,6
360,499600,450550,312420,353570,812840,679910,372200,349170,692920,623320,421790,NA,1
361,186400,165050,83692,125020,191680,155150,114840,116070,NA,138130,NA,NA,3
362,590490,548720,187360,229270,263410,NA,271180,266240,255190,316480,297570,NA,2
363,144500,133110,129880,177250,116800,126920,165170,115160,136920,123370,111250,116260,0
364,212090,254830,272540,369310,231750,201480,225150,212780,232310,193030,NA,182120,1
365,489460,510550,1073700,785270,767200,550630,704300,753600,432750,383030,677250,808320,0
366,42602,47558,80847,60673,41589,59704,44326,NA,NA,56468,NA,42873,3
367,245290,267710,293160,206640,203740,188110,NA,NA,NA,NA,NA,NA,6
368,NA,254110,NA,NA,NA,NA,NA,NA,NA,NA,NA,NA,11
369,541400,361060,933530,869460,535500,421220,314830,275900,342670,NA,614050,836470,1
370,158730,165220,307400,354050,143840,173340,222210,209200,168930,183330,158570,137340,0
371,515880,435010,914530,891360,512210,603770,582870,490010,449810,420880,462800,483250,0
372,1884200,2024200,500920,528860,511400,460680,352610,248480,382750,459680,374160,178370,0
373,NA,NA,126220,110220,NA,NA,NA,NA,NA,NA,NA,NA,10
374,NA,312640,326940,325820,212220,NA,329800,327590,480320,565450,709990,484030,2
375,1014900,1095700,2000600,1763700,900630,937140,1062800,1082300,984990,1142500,1044500,1455700,0
376,286590,194010,146370,131750,175470,136340,167850,122870,NA,121850,135780,NA,2
377,NA,NA,NA,NA,NA,47239,NA,NA,NA,NA,NA,NA,11
378,105420,131220,50402,59395,123790,123420,NA,62867,NA,60799,NA,NA,4
379,339540,405960,431340,366850,243920,291260,410620,330340,306530,320550,482800,381280,0
380,NA,NA,NA,NA,NA,NA,NA,NA,NA,NA,NA,70402,11
381,673480,654150,759320,478140,533880,567660,569560,607970,486930,479080,707400,861420,0
382,26809000,26954000,54707000,49882000,35855000,39856000,37327000,37594000,28706000,30103000,37002000,42270000,0
383,1716100,2144000,4920800,3698600,2085300,2135500,2673400,2468500,2134500,2219500,2782700,3524000,0
384,480310,567290,766910,927940,484800,511990,552500,698820,448200,539140,492330,428160,0
385,58944,NA,246150,162700,105510,114950,NA,NA,NA,NA,NA,NA,7
386,358880,NA,NA,250940,363910,352920,NA,NA,NA,NA,NA,NA,8
387,532610,516880,289850,329300,764830,832890,355500,323390,663260,575390,261690,243600,0
388,178900,206750,380430,397340,222850,246020,181310,204420,239960,214810,NA,183680,1
389,NA,NA,NA,NA,NA,NA,NA,NA,NA,NA,NA,NA,12
390,1515800,1369000,2410000,2509700,1723900,1765300,1688300,1690300,1714800,1783900,1482500,1391900,0
391,504770,425460,1105100,1028800,643970,456860,812220,867800,671860,609740,391830,NA,1
392,359260,317530,247050,307070,178840,227700,206450,237350,224990,297060,145090,189780,0
393,441180,581390,606950,595260,614730,638610,522450,540760,446030,549190,691220,667820,0
394,857340,928850,1550800,1518200,1013200,1122100,980550,1287000,1048200,896290,1181900,1322100,0
395,NA,NA,NA,NA,NA,NA,NA,NA,NA,NA,NA,37572,11
396,703260,804630,605800,634630,623150,607490,752640,696690,788140,731410,744240,740710,0
397,NA,NA,241070,187650,NA,NA,157580,186190,664850,NA,NA,NA,7
398,274950,422580,656800,775210,522040,557150,607410,562500,448820,497680,408160,298070,0
399,368760,394070,1190300,668330,473030,372270,311990,369930,380530,381260,342020,347420,0
400,1009100,918500,1168800,1255900,2742000,2875100,959490,846950,3295500,3338000,589500,400440,0
401,NA,53987,97887,NA,NA,54805,NA,NA,NA,NA,NA,NA,9
402,43922,NA,61088,42633,NA,NA,NA,NA,NA,NA,NA,NA,9
403,632010,538440,NA,NA,NA,NA,NA,NA,NA,NA,NA,NA,10
404,268540,402100,633970,695360,329530,389960,369950,440290,484940,319900,432650,406370,0
405,327000,401930,129670,156900,NA,198360,NA,NA,178660,NA,NA,NA,6
406,NA,NA,NA,135590,103520,NA,NA,NA,NA,NA,NA,NA,10
407,116540,NA,NA,NA,78206,122010,NA,NA,NA,NA,NA,NA,9
408,248910,213160,315910,566030,1601100,1734800,212560,125800,1120700,1103000,241160,185460,0
409,840140,1084800,1449100,1197800,788860,1051700,1056600,743890,942200,1260200,699080,587310,0
410,155970000,173820000,298650000,314800000,204020000,214060000,226260000,225500000,170380000,179110000,224940000,235100000,0
411,NA,NA,NA,NA,NA,NA,NA,NA,NA,NA,NA,1040500,11
412,NA,NA,NA,NA,NA,NA,NA,NA,NA,NA,NA,146160,11
413,167660,206260,396670,252940,NA,230220,182080,NA,NA,197770,NA,NA,5
414,948560,833630,1420600,1364000,723980,718770,658110,589060,754740,676390,666580,586030,0
415,NA,NA,NA,NA,NA,NA,NA,NA,NA,NA,NA,122960,11
416,12858000,13769000,8000600,6035900,9235300,9309400,9870600,9464700,3711600,4525300,5993900,7282600,0
417,NA,NA,117980,115150,61364,68948,NA,NA,NA,NA,NA,NA,8
418,NA,NA,1488100,NA,NA,NA,NA,NA,NA,NA,NA,NA,11
419,123250,177170,134680,169910,209680,245000,2222600,2726300,2581800,2365900,2754300,3399400,0
420,NA,NA,NA,110230,NA,NA,NA,NA,NA,NA,NA,NA,11
421,NA,NA,NA,NA,218040,139880,NA,NA,103940,111770,NA,NA,8
422,NA,NA,NA,NA,NA,NA,120850,NA,NA,NA,NA,NA,11
423,316220,313790,1034200,933300,532290,506550,412360,550700,356680,407230,388970,465360,0
424,1661100,1915100,3051000,2364400,1917000,1851800,2004300,1894300,1685000,1663100,1632500,1901800,0
425,NA,NA,125960,177410,237510,130130,NA,NA,299020,375640,NA,NA,6
426,90897,NA,203070,179850,108490,82338,92617,109210,85717,96426,NA,113490,2
427,NA,NA,NA,NA,NA,NA,NA,NA,NA,12720,NA,NA,11
428,80175,NA,NA,NA,184690,188380,NA,NA,NA,NA,NA,NA,9
429,564810,599770,703130,816200,524280,629590,522680,575930,481860,418940,474190,592080,0
430,1103600,1004200,1941800,1762700,934550,1023400,1141100,1253300,933020,838980,872550,808260,0
431,NA,NA,NA,NA,NA,NA,NA,NA,NA,NA,NA,NA,12
432,137000,156950,295160,311400,162590,191450,171860,145340,142780,166320,170830,140280,0
433,70766,65692,128080,NA,NA,71935,70081,NA,NA,NA,80107,NA,6
434,NA,NA,NA,NA,NA,NA,NA,NA,NA,95211,NA,NA,11
435,356860,515340,254770,180230,315250,355440,343230,440100,232860,246160,NA,320730,1
436,241200,359060,181610,283480,144250,143990,273200,246550,199810,182450,NA,220250,1
437,NA,NA,NA,NA,109320,80083,NA,NA,NA,NA,NA,NA,10
438,NA,NA,NA,NA,NA,NA,NA,NA,NA,NA,NA,26759,11
439,311640,227050,164670,190930,469590,503450,174110,219330,407740,528180,NA,176060,1
440,797740,654760,710890,571840,1524400,1973900,454000,420490,1259900,1093200,766920,568690,0
441,1423600,806330,594880,535400,NA,675070,653250,773300,497220,NA,500650,NA,3
442,1171900,1386600,2566900,2377900,1583800,1654100,1645000,1578200,1339700,1383800,1611600,1633900,0
443,931830,933860,1835400,1471100,3194700,3283800,415930,559950,1828700,1753800,597340,679680,0
444,102320,NA,239600,147170,NA,NA,NA,NA,125130,165580,NA,NA,7
445,2250700,1990600,1585200,900280,1704400,1717200,996900,973070,1046900,760900,1325100,994320,0
446,NA,92179,143920,109390,92390,93200,106210,99985,84813,96491,89667,94837,1
447,NA,NA,NA,NA,NA,NA,NA,NA,NA,NA,NA,960370,11
448,NA,178670,NA,NA,NA,NA,NA,NA,NA,NA,NA,NA,11
449,602970,653360,1298300,1715700,1376300,1386100,769870,715540,864640,915030,648830,719340,0
450,NA,NA,NA,NA,NA,NA,NA,NA,NA,NA,NA,154430,11
451,NA,NA,52721,61685,NA,NA,NA,NA,44746,NA,NA,NA,9
452,NA,84671,166360,110940,NA,72805,65865,81105,NA,NA,108580,108370,4
453,NA,NA,NA,NA,NA,NA,NA,NA,NA,NA,NA,NA,12
454,53264,NA,49386,47182,NA,NA,NA,NA,NA,40715,47509,NA,7
455,589660,672450,1092600,1189400,777380,885530,978450,753000,774790,717360,718620,883830,0
456,NA,NA,NA,NA,162390,NA,NA,NA,NA,NA,NA,NA,11
457,NA,NA,NA,NA,NA,NA,NA,NA,NA,NA,NA,65688,11
458,182410,141600,107910,95191,148360,169300,NA,NA,NA,NA,NA,NA,6
459,400100,305110,379170,478390,395090,361290,381450,491110,305780,286480,389560,397720,0
460,186370,254000,533830,400990,262630,256350,242610,208380,215800,180900,NA,239200,1
461,NA,NA,NA,NA,NA,NA,NA,NA,NA,73383,NA,NA,11
462,88977,97091,130740,142060,76059,72126,NA,NA,NA,81725,NA,99178,4
463,523650,441890,191200,258030,269380,230230,275320,249980,463580,634690,335730,281070,0
464,NA,NA,NA,NA,NA,NA,NA,NA,NA,NA,250730,NA,11
465,198250,249120,532530,371510,181130,242220,207190,166690,154830,168050,NA,170600,1
466,5634600,5386200,9950100,9523700,4293300,4911100,3400300,3880300,5117200,5414000,4266200,3560900,0
467,697540,948140,2661300,2024100,851800,704920,586590,596360,669370,722450,639150,531830,0
468,NA,NA,NA,37063,NA,NA,NA,NA,NA,NA,NA,NA,11
469,96601,NA,164050,163840,NA,114980,NA,NA,NA,131340,NA,NA,7
470,NA,NA,NA,NA,NA,NA,265460,330610,97942,143790,338840,504720,6
471,NA,NA,47036,89117,NA,NA,107290,NA,113070,130250,NA,NA,7
472,NA,NA,NA,NA,46277,NA,NA,NA,NA,NA,NA,NA,11
473,19148000,16595000,7380200,9313600,15152000,13171000,15870000,16624000,8944900,9116400,9203600,8103400,0
474,86154,173840,68851,NA,69801,69588,122180,NA,NA,NA,NA,NA,6
475,415970,317900,447360,404470,304410,428180,304070,328020,307590,240360,265830,296050,0
476,167170,168060,280010,314580,NA,168060,NA,252040,221900,NA,NA,NA,5
477,711880,560320,1141800,1044400,734960,708830,773390,798500,638830,682150,867740,851800,0
478,NA,NA,NA,NA,NA,NA,NA,NA,NA,NA,83981,NA,11
479,NA,NA,NA,72024,NA,NA,NA,NA,NA,NA,NA,NA,11
480,NA,NA,79837,138240,68286,56280,97241,82349,79600,58654,77341,82494,2
481,NA,NA,NA,NA,NA,NA,NA,NA,29511,NA,NA,NA,11
482,NA,NA,NA,NA,NA,NA,NA,NA,NA,NA,NA,172510,11
483,135960,127400,277100,281170,161380,151010,189490,182780,141620,173740,136370,179320,0
484,722160,586670,760610,705850,554440,615210,697420,594360,628180,573800,620860,749350,0
485,499810,318340,487090,509150,298560,362200,318510,NA,372000,NA,NA,NA,4
486,397080,366440,193450,150120,162790,147520,142540,163370,160890,168030,200290,167950,0
487,8294800,9355400,10027000,8611600,9115600,9307300,7521400,7307900,5531500,5831300,8899300,9357900,0
488,NA,NA,NA,NA,NA,NA,NA,NA,NA,69202,NA,NA,11
489,140730,149480,277540,209560,178400,145970,174910,143640,130020,145080,199320,149080,0
490,1584700,1887200,2572600,2882300,2058600,1867800,2124200,2127400,1452000,1795000,2695400,3028000,0
491,848520,714720,321640,419990,391320,455170,563630,787320,397780,499080,424730,403230,0
492,81507,158120,39448,53258,66171,64101,62732,64835,51634,NA,NA,NA,3
493,168130,227590,223820,172020,218840,276630,202390,176590,212230,223310,224210,215200,0
494,NA,NA,162450,123780,106420,89677,NA,NA,NA,NA,NA,NA,8
495,NA,NA,NA,NA,NA,145100,NA,NA,NA,NA,NA,NA,11
496,6468100,7224600,3471600,3156200,5069000,5191400,5591900,5723000,2739800,2784200,3371900,4103300,0
497,291610,229760,66404,112680,271290,296940,161670,199790,249790,269850,123180,147830,0
498,NA,137740,NA,NA,115050,93735,NA,NA,NA,NA,NA,NA,9
499,NA,NA,NA,NA,NA,NA,NA,NA,NA,NA,NA,17380,11
500,NA,NA,NA,NA,NA,NA,NA,NA,NA,NA,NA,93144000,11
501,157110,174210,223860,188930,150260,198370,157910,155730,NA,140210,NA,173210,2
502,1398100,1659500,2318800,2028200,1819700,1664000,1921500,1807900,1469400,1400300,2241800,2191900,0
503,NA,NA,NA,NA,NA,NA,NA,NA,NA,52579,NA,NA,11
504,946780,1078400,542980,461510,690930,781160,591170,663070,359680,332700,403670,460650,0
505,364190,446820,950280,775430,556570,438380,542660,546130,532820,636460,865430,798830,0
506,NA,NA,NA,NA,NA,NA,NA,NA,NA,75133,NA,NA,11
507,188840,253420,141580,137780,151840,156520,174890,219110,NA,NA,NA,NA,4
508,NA,767950,1560700,1208900,850930,921800,878390,743930,787210,825830,NA,765300,2
509,NA,183560,350900,402150,310790,266060,169950,261060,NA,NA,NA,NA,5
510,392670,228410,242070,220340,217400,429700,1378000,1649600,2049500,2260300,2579000,2608600,0
511,NA,NA,NA,NA,NA,NA,NA,NA,NA,NA,NA,220980,11
512,148340,161330,93073,46529,NA,NA,NA,NA,NA,NA,NA,NA,8
513,107150,112380,117150,177630,113860,128350,NA,NA,NA,NA,121540,NA,5
514,67777,84394,NA,61701,NA,NA,59203,NA,NA,59232,NA,NA,7
515,NA,NA,NA,NA,NA,NA,NA,NA,NA,195570,NA,NA,11
516,731800,747200,570580,608060,1089600,1023700,696110,674330,1160700,1207300,785890,823080,0
517,338010,297170,220230,326550,360890,336720,330340,375480,335670,NA,308200,346380,1
518,NA,NA,NA,NA,NA,NA,NA,NA,NA,NA,432200,NA,11
519,1005300,934370,1397500,1627000,991950,902760,1057300,1132900,829540,902080,1081000,1187600,0
520,1994700,2259100,3365800,3190800,2275600,2432300,2451400,2166900,1802600,1988600,1892400,2318100,0
521,NA,NA,NA,NA,NA,NA,NA,NA,NA,NA,NA,159390,11
522,185880,211200,487390,352290,208170,205130,192340,217270,146750,233590,260950,249640,0
523,NA,NA,NA,146220,728380,586850,NA,NA,367630,410990,NA,NA,7
524,341340,279340,207520,204230,311600,377590,387150,309380,592900,682720,376530,324100,0
525,NA,NA,NA,NA,NA,NA,NA,NA,NA,NA,97050,NA,11
526,NA,NA,NA,NA,NA,NA,NA,NA,NA,NA,20406,NA,11
527,NA,NA,NA,NA,NA,NA,NA,NA,NA,103860,NA,NA,11
528,NA,NA,NA,NA,NA,NA,NA,NA,NA,NA,NA,78502,11
529,3067200,3352100,1745900,1144500,2137600,2228900,1808300,1777200,1412400,1198600,1499400,1248400,0
530,NA,NA,NA,NA,NA,25408,NA,NA,NA,NA,NA,NA,11
531,788870,560140,438530,313180,398560,359420,489040,433770,371730,284800,459230,511570,0
532,64048,NA,67748,NA,78820,110380,1475800,1631600,995580,1508700,1924100,2487200,2
533,963780,918880,532790,586760,696920,655360,686110,771020,416380,365470,462940,393510,0
534,97029,98579,29632,35962,37435,NA,NA,NA,32332,NA,NA,NA,6
535,50977,117300,33482,NA,NA,NA,NA,NA,NA,NA,NA,NA,9
536,218000,212690,146640,218120,187470,187230,236260,NA,183300,NA,199290,224490,2
537,198670,195890,143740,156090,675120,1173200,152870,120820,578180,793070,124100,160790,0
538,232780,160950,81479,71419,135580,115150,NA,NA,NA,NA,NA,56169,5
539,NA,NA,NA,NA,261320,423120,NA,NA,425380,455060,NA,NA,8
540,350620,341790,789120,498800,332950,391340,358390,370610,643570,576010,519380,582690,0
541,NA,NA,NA,NA,210790,NA,511040,440920,NA,663880,NA,NA,8
542,NA,NA,126730,156430,NA,NA,NA,NA,NA,NA,NA,130470,9
543,113090,119330,88438,95148,NA,NA,NA,NA,NA,NA,NA,NA,8
544,2341800,2225100,2356100,1508000,1563800,1767600,1779700,1527100,1867800,1625800,1799200,1668700,0
545,93129,100310,59538,NA,NA,NA,NA,NA,NA,NA,NA,NA,9
546,178360,168840,504360,301740,195230,230300,233840,311570,226080,204770,298660,373740,0
547,NA,NA,NA,NA,NA,NA,356870,282080,374250,345290,1172900,860820,6
548,419160,404020,159590,161570,251270,303710,277000,207770,83205,108670,108980,90892,0
549,215790,141700,66847,76370,145900,138890,NA,112870,NA,NA,NA,NA,5
550,184220,231860,361730,249300,255740,233420,215530,NA,184140,NA,396310,383490,2
551,183440,257360,109300,144170,116480,125620,172550,199560,110480,99532,NA,131110,1
552,2111900,2520500,2075100,2200700,2190200,2215100,2031600,2118500,1301700,1485300,2295000,2312000,0
553,NA,NA,NA,NA,NA,NA,89550,NA,NA,NA,367020,176290,9
554,NA,NA,NA,NA,NA,NA,NA,NA,NA,NA,NA,628560,11
555,456200,414230,217730,235020,302870,285530,328720,353320,239710,231750,220010,284090,0
556,65706,NA,50895,NA,134660,55989,1387500,1429500,799990,828570,2053300,1875600,2
557,671880,538950,855470,975570,544660,574470,588580,489190,530020,570510,476420,403720,0
558,144630,134970,279280,171040,151370,137780,NA,NA,NA,NA,NA,NA,6
559,386470,399990,206560,168730,197700,171720,224630,243920,190240,206770,192400,158500,0
560,NA,NA,NA,NA,NA,NA,NA,NA,NA,18615,NA,NA,11
561,NA,NA,260390,596920,399660,NA,NA,NA,NA,NA,NA,563400,8
562,653280,555140,618170,538080,2230800,2257200,606960,470610,1597100,1748100,706700,690000,0
563,275650,347150,1698700,1096100,445650,458240,379560,258880,237560,NA,768820,250910,1
564,NA,NA,NA,NA,NA,NA,NA,NA,NA,NA,NA,168910,11
565,489820,424840,764700,609710,550840,616400,565390,468540,426520,407680,339820,441360,0
566,1908300,1716000,3253300,3307100,2504800,2675000,2650400,2490100,2249800,2023900,2317400,2597900,0
567,557700,602920,428590,431300,387320,392800,490560,486130,416760,379700,469640,441160,0
568,101780,74731,125020,91912,242880,187960,708010,790620,1049900,885970,1408300,1561400,0
569,8387300,7088200,11930000,15916000,10681000,9116800,11126000,11201000,9639200,9959900,12332000,9913100,0
570,1037000,1109200,803700,952370,896130,883030,1063600,984490,1218600,1097200,1575100,1291900,0
571,NA,NA,NA,NA,NA,NA,NA,NA,NA,NA,NA,93883,11
572,NA,NA,NA,NA,NA,NA,NA,NA,NA,127930,NA,NA,11
573,152380,160500,157680,166010,NA,NA,NA,NA,159370,209420,293760,NA,5
574,122640,139230,110340,90403,181640,165380,103180,109410,144150,185890,81036,NA,1
575,NA,NA,NA,NA,NA,NA,NA,NA,NA,NA,NA,56286,11
576,NA,NA,NA,NA,NA,NA,NA,NA,NA,NA,NA,278640,11
577,587910,660000,1052500,550010,557560,533220,451760,480370,1145800,1159600,716300,944350,0
578,NA,NA,NA,NA,NA,NA,NA,NA,NA,NA,NA,98644,11
579,2519600,2586600,6143900,4882700,2536400,2754100,3196700,3022000,2523300,2365400,1946100,1940700,0
580,120100,118480,197470,135860,173300,250760,140590,145910,141410,151930,172040,190930,0
581,92670,78916,96157,87262,129590,109930,549230,393400,841910,797780,809310,717340,0
582,NA,NA,67648,NA,43026,NA,NA,NA,NA,NA,NA,NA,10
583,NA,NA,83318,76438,NA,NA,NA,NA,NA,NA,NA,NA,10
584,460820,389400,963630,863600,1173000,1317200,856160,839530,1034000,1481400,833610,588620,0
585,2179200,2095700,3375700,3256400,2187100,2116500,2034100,2472200,1654100,1641000,1977100,2187800,0
586,NA,NA,NA,NA,NA,NA,NA,NA,NA,NA,90627,NA,11
587,NA,NA,NA,NA,NA,NA,NA,NA,NA,NA,NA,33172,11
588,NA,NA,NA,NA,NA,NA,NA,NA,53715,NA,NA,NA,11
589,243800,254460,326430,384680,273000,301460,309240,265920,283320,272220,274540,350810,0
590,369380,286720,401780,554420,221650,251530,371360,322900,381830,338160,302260,NA,1
591,819690,1049500,1334700,1397700,760980,741070,846830,826560,1789900,1821600,1194700,1088900,0
592,116300,151390,174380,178070,120530,148390,118910,125090,119940,129890,155180,NA,1
593,824760,610300,317710,260450,445190,379370,443490,467280,341140,328030,302370,306710,0
594,NA,NA,NA,NA,NA,NA,NA,NA,176090,204010,633940,730330,8
595,NA,NA,16172,NA,NA,NA,NA,NA,NA,NA,NA,NA,11
596,NA,NA,NA,NA,NA,NA,NA,NA,NA,NA,NA,19816,11
597,1953000,2245000,820940,807810,839220,818090,415280,485360,911120,829880,623130,515490,0
598,NA,96481,NA,44236,47472,44955,NA,NA,NA,NA,NA,NA,8
599,478990,472230,318380,245490,237010,210890,296600,464070,275710,272230,363830,488000,0
600,597380,519780,365840,442860,763760,834500,764640,680520,768530,539660,625460,451400,0
601,NA,NA,NA,NA,NA,NA,NA,NA,NA,NA,NA,29704,11
602,2474300,2192900,1861500,3170500,2493900,2820400,1983200,1869100,2699300,2777000,2172700,2160600,0
603,NA,NA,NA,NA,NA,NA,NA,NA,NA,NA,NA,378830,11
604,NA,NA,NA,NA,NA,NA,NA,NA,NA,NA,NA,31675,11
605,758230,676610,320360,304250,499680,433210,329660,375140,193790,194110,187530,218900,0
606,NA,NA,NA,NA,NA,NA,NA,NA,NA,NA,221990,NA,11
607,192080,250580,185010,264620,217280,274210,230490,252670,286700,273640,NA,239880,1
608,NA,NA,NA,NA,NA,NA,NA,NA,87779,NA,NA,NA,11
609,NA,NA,NA,NA,94734,77634,NA,NA,109660,78858,NA,NA,8
610,76899,109400,NA,NA,65789,63866,72746,63680,NA,NA,NA,49173,5
611,5308800,5992800,3127500,3248900,5749800,5615300,5131900,5909700,2506900,2489400,3081500,3144800,0
612,417260,397620,351050,329390,203770,233610,239850,251420,331830,191020,237080,257610,0
613,123540,156770,117700,NA,152230,131950,200650,NA,NA,NA,NA,NA,6
614,618900,529950,552280,695480,562310,471280,496170,533960,370110,419000,533690,598030,0
615,163390,183710,107920,86377,122010,96571,156900,147660,158800,150770,122990,155880,0
616,1087300,1499600,591780,1123400,1085100,955900,437490,398690,595090,821240,795110,591300,0
617,1172900,1172900,1555400,1953300,1082800,935340,1201400,811280,953350,1082300,1037200,935650,0
618,NA,NA,NA,NA,NA,NA,NA,NA,168830,NA,NA,NA,11
619,NA,NA,NA,NA,25233,NA,NA,NA,NA,NA,NA,NA,11
620,501240,537940,470250,438570,805540,871670,477760,446020,798040,761270,585360,698120,0
621,NA,NA,NA,33262,NA,NA,NA,NA,NA,NA,NA,NA,11
622,NA,NA,NA,NA,NA,NA,NA,NA,NA,NA,21475,NA,11
623,432750,369090,100660,NA,167840,NA,486060,NA,NA,218010,NA,NA,6
624,NA,NA,NA,NA,NA,NA,NA,NA,NA,NA,NA,344210,11
625,328570,342900,305430,222230,300680,270290,NA,294830,305160,255500,300210,324530,1
626,231970,88033,276900,280660,319480,292390,NA,NA,621560,663410,NA,NA,4
627,5904100,6241300,5922400,6087500,6313100,5739300,2046100,2007900,3466400,3111000,3149900,3834100,0
628,82426,81593,89792,80472,73239,84323,92699,91195,NA,NA,NA,86820,3
629,73291,93618,NA,89130,64668,62474,NA,NA,NA,NA,NA,90744,6
630,1866600,1535200,1476400,1290600,1044200,1043600,2123200,2129700,2564500,2771600,2903000,3094500,0
631,160070,143430,118500,130820,2504200,2925100,73145,55584,2184000,2077100,86317,NA,1
632,7754100,8482700,5687300,4835200,7828000,7496600,5727500,5534300,8559000,8096500,6222300,6133100,0
633,NA,NA,NA,NA,NA,NA,NA,NA,NA,109300,NA,NA,11
634,355980,268960,307760,323410,278880,274530,212930,223180,369870,417180,299820,357580,0
635,NA,NA,NA,NA,NA,NA,NA,NA,NA,NA,NA,487950,11
636,NA,49358,49874,44757,NA,51415,67931,70851,63667,66351,60918,NA,3
637,114970,142730,50290,66812,103420,81676,95485,NA,NA,72932,69977,68635,2
638,97559,101710,85206,87622,1367800,1298700,NA,NA,889710,664910,NA,NA,4
639,NA,NA,NA,NA,NA,NA,NA,NA,NA,19869,NA,NA,11
640,NA,NA,NA,NA,190270,159060,NA,NA,NA,107680,NA,NA,9
641,NA,NA,NA,NA,NA,68601,NA,NA,NA,NA,NA,NA,11
642,2791000,2661100,4534900,4613700,3342000,3366800,3237600,3862900,2712200,2844700,4581900,5068900,0
643,NA,NA,NA,NA,NA,NA,NA,NA,NA,NA,40993,NA,11
644,21155000,24573000,43135000,44617000,28812000,32554000,32233000,34714000,26524000,27439000,33703000,38570000,0
645,378310,502650,399100,547640,2027700,1535700,268250,251950,1190900,1236900,304310,191430,0
646,NA,NA,NA,NA,NA,NA,NA,NA,NA,NA,NA,23884,11
647,NA,NA,NA,NA,NA,NA,NA,NA,NA,NA,NA,26231,11
648,285930,267670,177530,137480,327930,192220,207590,138130,187220,149800,NA,193450,1
649,NA,NA,88047,71168,55756,NA,52337,NA,NA,NA,NA,NA,8
650,862400,895710,2145300,1483100,901170,787890,852770,687500,862890,1028100,924210,1125800,0
651,NA,NA,NA,NA,NA,NA,NA,NA,NA,NA,NA,117490,11
652,106720,127070,78310,117520,NA,84800,86508,93466,264490,173170,NA,101270,2
653,NA,NA,137860,135640,74301,67392,73953,NA,97770,75828,99537,NA,4
654,NA,NA,NA,NA,NA,NA,NA,NA,NA,NA,NA,NA,12
655,NA,NA,NA,NA,38842,NA,NA,NA,NA,NA,NA,NA,11
656,NA,NA,NA,NA,NA,NA,NA,NA,NA,NA,NA,196270,11
657,89678,NA,NA,NA,114890,177160,NA,NA,NA,NA,NA,NA,9
658,501330,NA,NA,NA,NA,NA,NA,NA,NA,NA,NA,NA,11
659,NA,NA,NA,NA,NA,NA,NA,NA,NA,NA,NA,73784,11
660,NA,NA,NA,NA,NA,NA,NA,NA,NA,NA,NA,653660,11
661,5381100,5934500,2637600,2766200,4239700,4384800,3936300,3852600,2267800,2076400,2946800,2543800,0
662,388370,358940,141250,195730,374770,410790,2081500,2112900,1385900,1512000,3095700,3709100,0
663,NA,NA,NA,NA,NA,NA,NA,NA,NA,NA,NA,71717,11
664,NA,NA,NA,NA,NA,NA,NA,NA,NA,131480,NA,NA,11
665,NA,NA,140590,124680,NA,NA,NA,NA,NA,107070,NA,NA,9
666,NA,NA,NA,NA,NA,NA,NA,NA,NA,80170,NA,NA,11
667,844520,971660,1063200,722230,517500,528010,665890,573220,617900,596700,675430,644030,0
668,1313900,1342900,953010,1126500,1363000,1317900,965100,908360,1300700,1255000,1010400,914670,0
669,NA,NA,NA,100320,149320,NA,416640,577250,953500,547390,1318400,1663400,4
670,NA,NA,NA,NA,NA,NA,NA,NA,NA,NA,117640,NA,11
671,456400,335970,443720,470220,745600,669060,413890,444840,1010700,877030,340840,383960,0
672,NA,NA,319650,NA,390700,397740,NA,NA,NA,NA,NA,NA,9
673,NA,NA,NA,NA,NA,NA,NA,NA,NA,NA,NA,124860,11
674,221940,238120,251440,209660,268860,190270,NA,116170,153260,173060,234400,252380,1
675,NA,NA,NA,NA,NA,NA,NA,NA,NA,NA,NA,66389,11
676,NA,NA,NA,NA,NA,NA,68805,57582,163860,97683,154850,205370,6
677,NA,75627,87795,88941,274190,236340,NA,NA,208580,258370,NA,NA,5
678,146240,169040,386620,304830,197500,147360,NA,240330,153260,182260,NA,NA,3
679,NA,NA,NA,NA,NA,NA,NA,NA,NA,NA,115770,NA,11
680,454980,316460,497620,521400,418590,343340,297420,281730,240960,266540,366360,295780,0
681,1540700,1622700,835640,882340,2245300,2266600,1238800,1013000,1991600,2083900,1019100,1120100,0
682,NA,NA,NA,NA,NA,NA,NA,NA,NA,NA,NA,NA,12
683,8740800,9023400,2138600,1883500,1904600,1945300,977300,779860,2666300,2084100,845790,540500,0
684,NA,NA,89174,126510,265140,170280,126430,148980,149640,160580,NA,NA,4
685,NA,NA,NA,NA,NA,NA,NA,NA,NA,NA,NA,157310,11
686,NA,54901,59268,48358,NA,NA,48068,NA,64016,63705,NA,55293,5
687,334660,322800,400510,509710,369790,253570,345730,372330,NA,NA,NA,479640,3
688,114210,124910,110430,80366,85466,88450,85087,98161,77633,74969,NA,83697,1
689,371610,345410,157980,159460,197550,231100,212600,219580,NA,136220,191640,181550,1
690,NA,NA,NA,NA,NA,NA,NA,NA,NA,NA,NA,1862100,11
691,NA,NA,NA,NA,NA,19748,NA,NA,NA,NA,NA,NA,11
692,NA,NA,NA,NA,114920,NA,NA,NA,NA,NA,NA,NA,11
693,NA,NA,NA,NA,NA,NA,NA,NA,NA,NA,10304000,NA,11
694,372530,438510,150820,202600,263970,271200,258170,246040,NA,179090,228250,190270,1
695,113120,NA,NA,NA,131290,164990,NA,NA,140840,138620,NA,133320,6
696,162090,187410,286860,418820,169290,178840,149690,125780,NA,141220,135700,NA,2
697,395940,425430,194670,NA,214880,213360,316870,404440,NA,NA,347630,NA,4
698,80426,89553,77047,155530,58823,60187,NA,52511,79879,NA,77923,NA,3
699,NA,NA,NA,NA,NA,NA,NA,NA,NA,NA,NA,144950,11
700,NA,395380,101080,107690,109960,99890,122470,124700,NA,127750,111650,NA,3
701,702840,840360,1722700,1766400,1071200,1084400,1083100,1640700,858270,890850,1378000,1710500,0
702,NA,NA,NA,NA,NA,43990,NA,NA,NA,NA,NA,NA,11
703,22084000,22990000,8706300,11178000,18370000,17803000,16377000,17726000,6803500,5405900,7518300,6861400,0
704,168840,154230,208820,333000,188120,236550,240990,218790,156820,NA,238810,289010,1
705,56286,98281,117520,111320,90853,136920,84596,165320,NA,78402,NA,154230,2
706,680850,607780,457920,410880,520910,534360,825910,548990,1036300,956350,969670,816780,0
707,125740,177270,145140,112910,144340,138760,NA,NA,NA,183350,NA,230950,4
708,NA,NA,NA,NA,NA,NA,NA,NA,NA,NA,NA,61829,11
709,NA,NA,NA,NA,NA,NA,NA,NA,NA,NA,NA,73071,11
710,122660,NA,396690,242860,NA,126810,105730,97197,103670,NA,NA,NA,5
711,NA,NA,NA,NA,NA,70390,NA,NA,NA,NA,NA,NA,11
712,NA,NA,44739,NA,51880,62027,NA,NA,NA,66756,NA,NA,8
713,NA,NA,NA,NA,NA,NA,NA,NA,NA,NA,NA,880990,11
714,29714000,31475000,24460000,21638000,20560000,23305000,25213000,26934000,18478000,19529000,29807000,31220000,0
715,95638000,110670000,50582000,50508000,66596000,67727000,71453000,75769000,40789000,44425000,50996000,55937000,0
716,695150,852230,1263900,1558400,875980,875900,978320,914830,808310,843790,905520,1168800,0
717,182320,NA,263750,NA,242860,NA,NA,NA,NA,NA,NA,NA,9
718,NA,NA,NA,NA,63680,75542,NA,NA,NA,NA,NA,NA,10
719,NA,NA,NA,NA,NA,26938,NA,NA,NA,NA,NA,NA,11
720,NA,NA,NA,NA,NA,NA,1108400,992220,1046100,1005500,1268000,1213500,6
721,560910,574350,412070,247790,1036100,718520,2354700,2172700,3240200,3360700,5400000,5103900,0
722,1470200,1225300,1599900,1784200,1036600,1082500,679570,712080,962940,1049500,1112000,1101700,0
723,1295000,1043800,748360,806710,712990,818830,NA,NA,NA,NA,NA,NA,6
724,333930,424600,135050,150010,289020,177810,138030,NA,NA,NA,NA,134480,4
725,3902600,4364500,2326600,2247500,6336600,7433100,3661800,3643700,8466700,8192400,2408300,2615700,0
726,NA,NA,91499,92385,69737,NA,110360,184250,88859,86701,98715,94928,3
727,247170,215340,180670,185120,604260,757370,NA,90390,584130,535040,109520,NA,2
728,243280,344970,143960,176380,225340,272430,151830,NA,NA,149220,NA,NA,4
729,11142000,11279000,17409000,19501000,12274000,14509000,12864000,13297000,12361000,11639000,15820000,16910000,0
730,NA,NA,NA,NA,NA,NA,NA,NA,NA,NA,NA,507650,11
731,2022600,1767400,2718300,2710500,1531800,1414700,1394700,1340600,1560900,1637100,1681400,1577200,0
732,NA,NA,NA,NA,NA,NA,NA,NA,NA,NA,8226.2,NA,11
733,521860,455210,586780,803420,384850,452380,NA,NA,427040,662830,NA,NA,4
734,NA,174400,493900,363300,147380,137240,114540,NA,142350,134340,146530,132160,2
735,NA,NA,NA,NA,61044,60334,NA,NA,91371,80282,NA,NA,8
736,183510,218870,325070,244070,1080600,1342300,128140,NA,1286100,1568200,105090,151460,1
737,NA,NA,NA,NA,NA,NA,NA,NA,NA,54105,NA,NA,11
738,1920300,1890200,2960500,3083500,1810700,1859800,2120400,2291500,2008900,1757600,1575200,1701800,0
739,2437500,2387000,2522700,2873200,1897400,1922700,2067400,1822900,3303200,3771100,2315300,2575900,0
740,67589,NA,186460,133490,91657,NA,76820,86587,70219,NA,NA,NA,5
741,NA,NA,NA,NA,NA,NA,NA,NA,NA,NA,NA,83837,11
742,NA,NA,NA,NA,311190,219770,NA,NA,299160,NA,NA,NA,9
743,13416000,14758000,32422000,31576000,17829000,17375000,18152000,17803000,14976000,16252000,12086000,13366000,0
744,NA,NA,NA,NA,NA,NA,NA,NA,NA,NA,26109,NA,11
745,NA,NA,63127,NA,NA,NA,NA,NA,NA,NA,NA,NA,11
746,NA,NA,NA,NA,NA,8957,NA,NA,NA,NA,NA,NA,11
747,NA,NA,NA,NA,NA,NA,NA,NA,NA,50929,NA,NA,11
748,NA,NA,NA,NA,NA,NA,NA,NA,NA,63987,NA,NA,11
749,NA,NA,123810,118150,206730,324210,NA,NA,164450,149990,NA,107480,5
750,840210,745210,1310500,1454900,815170,858340,1243800,981540,708480,845720,1116600,1041200,0
751,103100,97275,121320,110900,117830,113130,99240,NA,112730,110560,96167,89595,1
752,NA,NA,NA,NA,NA,NA,NA,NA,NA,NA,386960,449750,10
753,2414000,2419300,2092800,2370800,2316700,2536300,2085600,2524900,4007600,4475900,3893900,3690700,0
754,126930,102820,93768,207070,484340,845880,NA,122010,685910,400460,NA,NA,3
755,1933700,2149000,2822600,3284300,1658900,1719000,3532700,2824500,2326000,1926400,3614500,3822500,0
756,152030,111650,49528,52279,103080,71495,102650,128870,190940,180390,126860,107120,0
757,90800,93247,127040,170450,87362,67644,74735,63719,102180,104530,60944,73704,0
758,108340,121690,542870,245500,184020,209900,NA,152470,NA,NA,NA,NA,5
759,NA,NA,55107,NA,NA,45478,NA,NA,NA,NA,NA,NA,10
760,822990,795370,457950,579330,781090,734940,NA,NA,NA,NA,NA,NA,6
761,768910,NA,NA,NA,NA,NA,NA,NA,355090,325890,NA,248780,8
762,79653,NA,NA,NA,121570,209340,NA,NA,NA,NA,NA,NA,9
763,NA,NA,NA,NA,NA,NA,NA,NA,NA,5032300,NA,NA,11
764,430620,399340,175650,189220,277490,234740,244860,273420,188350,144520,194880,145320,0
765,NA,NA,NA,NA,NA,NA,NA,NA,NA,NA,NA,278920,11
766,96180,108070,223620,152850,120320,120930,97940,NA,NA,NA,113680,161310,3
767,NA,NA,109120,78912,NA,NA,NA,NA,77157,89880,NA,NA,8
768,130530,144220,182970,126930,98152,102070,NA,NA,146390,202310,NA,194600,3
769,NA,NA,NA,NA,NA,NA,NA,NA,NA,NA,NA,99353,11
770,NA,NA,NA,NA,NA,NA,NA,NA,260470,NA,NA,NA,11
771,2043700,1350200,579760,630140,633090,579820,677680,746170,1837900,1559700,891880,786400,0
772,NA,NA,88887,92534,73992,97737,4174200,3898800,3198100,3794100,4278500,3820100,2
773,NA,NA,NA,NA,NA,NA,NA,NA,NA,NA,NA,85405,11
774,366440,486250,498780,340300,497310,563260,728010,841490,1108600,1265400,1654400,2071000,0
775,NA,NA,NA,NA,532050,501200,NA,NA,316390,256600,NA,NA,8
776,92694,94678,NA,53317,61545,52124,90761,NA,67982,76894,73222,NA,3
777,NA,123040,NA,87690,173720,160730,NA,NA,NA,NA,107720,NA,7
778,3086500,4228000,4812900,5195400,4807200,5582700,4166700,5770900,3875300,3234200,6256300,7420100,0
779,NA,NA,NA,NA,NA,NA,NA,NA,NA,NA,NA,57861,11
780,NA,NA,NA,NA,NA,NA,NA,NA,NA,NA,NA,1253700,11
781,NA,NA,NA,NA,NA,NA,NA,NA,NA,NA,33759,NA,11
782,612990,607780,655380,584340,458710,461360,354230,338690,281360,244910,457700,445720,0
783,314940,398070,NA,NA,NA,334990,279010,281890,NA,NA,NA,NA,7
784,NA,NA,NA,NA,NA,NA,NA,NA,NA,NA,NA,26291,11
785,952310,959020,457270,440640,620620,583250,539370,608670,502020,NA,522290,748260,1
786,NA,413480,NA,440710,563830,477480,477080,472760,845820,1021100,909800,717900,2
787,NA,124030,NA,NA,167290,166590,NA,NA,NA,NA,NA,NA,9
788,348010,404640,131190,203000,227130,246280,238920,390730,NA,250440,222560,360920,1
789,NA,NA,NA,NA,NA,NA,NA,NA,NA,NA,NA,14834,11
790,NA,NA,NA,NA,13256,NA,NA,NA,NA,NA,NA,NA,11
791,NA,NA,NA,NA,NA,NA,NA,NA,NA,NA,NA,9009.7,11
792,NA,NA,NA,NA,NA,NA,NA,NA,NA,NA,NA,215660,11
793,70882,58243,73322,57683,48010,57540,72482,NA,116940,85663,81507,NA,2
794,NA,NA,NA,NA,NA,NA,NA,NA,NA,NA,NA,46048,11
795,NA,NA,NA,NA,NA,NA,NA,NA,NA,NA,NA,94646,11
796,17338000,19052000,37828000,33648000,21333000,25479000,25006000,25497000,19936000,20592000,23223000,27423000,0
797,246300,282450,526220,325560,237440,203640,NA,164320,281060,250510,NA,NA,3
798,89879,103430,71563,73667,94502,77620,76998,NA,93663,139130,105530,NA,2
799,4432800,5611000,8301900,6572400,6020100,8180100,4586300,6440400,5183600,6599200,5424300,6182400,0
800,351430,364190,180910,247850,204710,240520,496150,433460,692460,732760,974290,896650,0
801,1173300,1238500,1397600,1251400,983160,1056900,1207300,1165400,1216800,1094300,1443100,1885800,0
802,2142500,1907200,2648300,2905200,1515200,1626100,1584500,1660600,1795800,1597000,1438800,1604400,0
803,NA,NA,NA,NA,NA,NA,NA,NA,NA,NA,NA,382190,11
804,NA,NA,NA,NA,NA,NA,NA,NA,NA,NA,NA,38569,11
805,278390,199130,NA,NA,NA,NA,123930,NA,NA,NA,NA,NA,9
806,NA,NA,NA,NA,NA,NA,NA,NA,NA,NA,NA,314370,11
807,270610,209580,NA,NA,NA,171110,NA,NA,270130,238690,NA,NA,7
808,702010,819030,1488700,1406100,674690,762010,759790,757410,861580,692440,594730,947840,0
809,816020,798210,1596200,1665000,792990,716530,765830,652570,958920,950860,710000,752600,0
810,982060,1036900,803030,713740,940140,934440,963630,1015100,705590,766520,818240,639890,0
811,NA,NA,NA,NA,NA,NA,NA,NA,NA,NA,NA,NA,12
812,NA,NA,NA,NA,NA,NA,NA,NA,38129,NA,NA,NA,11
813,132770,NA,188000,191020,NA,140730,140050,130010,113710,NA,NA,NA,5
814,NA,NA,151440,NA,NA,NA,NA,NA,139980,NA,NA,NA,10
815,NA,NA,NA,NA,8900.3,NA,NA,NA,NA,NA,NA,NA,11
816,NA,NA,NA,NA,NA,NA,NA,NA,NA,NA,NA,120770,11
817,14780000,13240000,9977700,12091000,14757000,14141000,12579000,11916000,13428000,12709000,9988600,10448000,0
818,8140600,10328000,7446500,7515400,8776300,9481600,7369800,7311100,7252800,7332000,5925200,6554300,0
819,NA,284430,NA,NA,NA,NA,NA,NA,NA,NA,NA,NA,11
820,179460,163690,203290,147360,302630,275560,NA,NA,301500,229980,NA,224910,3
821,236760,342250,317460,214840,261940,316650,263510,259330,266350,184240,NA,227400,1
822,NA,NA,NA,NA,NA,NA,NA,NA,NA,NA,NA,NA,12
823,130160,156770,233670,234690,121640,130930,NA,158230,134230,139790,140110,121050,1
824,5248300,6232400,2613400,3150500,4835200,4957100,4615200,4715500,2183300,2258600,2456300,1988500,0
825,3217800,3384000,2170300,1871700,2683000,2720300,2760400,2419800,2448000,2134600,1974400,2359800,0
826,2549900,2318800,1567700,1528400,2100800,1976700,1944700,1758900,2160600,2017300,1913500,2204100,0
827,115850,142270,271730,278680,141850,141590,161260,137130,150900,127300,NA,143970,1
828,107550,NA,NA,69410,NA,77512,82478,NA,NA,NA,NA,NA,8
829,445090,408620,302720,222990,271880,171320,376000,267690,302940,377880,346880,444950,0
830,NA,NA,NA,NA,NA,NA,NA,NA,NA,NA,155930,NA,11
831,NA,NA,NA,NA,NA,NA,NA,NA,NA,NA,350610,NA,11
832,616470,560400,1096800,1127200,758710,776070,703420,578840,610500,567150,520290,358560,0
833,NA,NA,NA,NA,NA,NA,NA,NA,NA,NA,NA,34591,11
834,NA,295710,221830,207520,272090,330930,237570,210760,235080,239610,213300,217620,1
835,NA,NA,NA,NA,NA,NA,NA,NA,85443,NA,NA,NA,11
836,349720,236820,343540,178790,216850,257260,429170,517600,442120,414830,431600,383240,0
837,2891000,2419800,3071900,2892100,3136500,2827000,4257400,4162100,6976600,6826800,7163300,8404800,0
838,2303600,2166400,4156300,3324900,2353800,2432800,2608700,2838500,1955200,1754700,3614300,3450400,0
839,NA,NA,NA,NA,NA,NA,NA,899670,NA,NA,NA,NA,11
840,641590,710590,1166500,1398300,697210,595360,552460,562350,590460,630870,568960,639380,0
841,11603000,12035000,18775000,22300000,13244000,15131000,13240000,14254000,10651000,11098000,11748000,12111000,0
842,1056800,1102700,1385500,1450200,1043300,1201100,921470,1072300,924390,887390,1498500,1720600,0
843,77111,NA,113480,NA,NA,NA,NA,NA,NA,NA,NA,NA,10
844,1255200,858820,563810,573360,639760,853920,683710,714920,625680,635990,687750,809890,0
845,NA,41423,94368,68989,NA,NA,NA,NA,NA,NA,NA,NA,9
846,NA,NA,NA,NA,NA,NA,NA,NA,NA,338800,NA,NA,11
847,NA,5047100,10189000,5992900,6308700,5593300,6256600,6111000,NA,4941500,NA,NA,4
848,NA,NA,NA,NA,NA,NA,NA,NA,NA,NA,NA,2482800,11
849,NA,NA,NA,NA,NA,NA,NA,NA,NA,NA,NA,89968,11
850,NA,NA,NA,NA,NA,NA,NA,NA,NA,NA,NA,545270,11
851,NA,NA,NA,NA,NA,NA,NA,NA,NA,NA,NA,309970,11
852,NA,NA,NA,NA,NA,NA,NA,NA,NA,NA,NA,1138700,11
853,NA,NA,NA,NA,NA,NA,NA,NA,NA,NA,NA,4362800,11
854,1225600,1331000,915250,1234700,1137300,1108700,1074200,1186200,1371200,1642300,1645700,1726200,0
855,NA,NA,NA,NA,NA,NA,NA,NA,NA,NA,NA,117170,11
856,NA,NA,NA,NA,NA,NA,NA,NA,NA,NA,50008,NA,11
857,177640,180340,139240,230440,160640,151010,183690,147120,169950,NA,NA,175080,2
858,508200,413640,365010,372060,522200,446810,944320,856360,708700,724950,963720,906210,0
859,7531100,7903400,4309000,4416100,8202500,8807800,15739000,14584000,12264000,12893000,11345000,9664900,0
860,169520,174540,NA,NA,NA,NA,NA,NA,NA,NA,NA,NA,10
861,1073900,1214700,895070,1017500,1189800,1053400,1325400,1090100,2170900,1571200,1732500,1347400,0
